image_path,label
../datasets/raw/Train/Basophil/20190604_111208_0.jpg,Basophil
../datasets/raw/Train/Basophil/20190526_170312_0.jpg,Basophil
../datasets/raw/Train/Basophil/20190527_114937_0.jpg,Basophil
../datasets/raw/Train/Basophil/20190531_121357_0.jpg,Basophil
../datasets/raw/Train/Basophil/20190531_114008_0.jpg,Basophil
../datasets/raw/Train/Basophil/20190527_113427_0.jpg,Basophil
../datasets/raw/Train/Basophil/20190527_115509_0.jpg,Basophil
../datasets/raw/Train/Basophil/20190531_113134_0.jpg,Basophil
../datasets/raw/Train/Basophil/20190526_163608_1.jpg,Basophil
../datasets/raw/Train/Basophil/20190527_114537_1.jpg,Basophil
../datasets/raw/Train/Basophil/20190527_112006_0.jpg,Basophil
../datasets/raw/Train/Basophil/20190531_113358_0.jpg,Basophil
../datasets/raw/Train/Basophil/20190531_115056_0.jpg,Basophil
../datasets/raw/Train/Basophil/20190531_110620_0.jpg,Basophil
../datasets/raw/Train/Basophil/20190527_113359_1.jpg,Basophil
../datasets/raw/Train/Basophil/20190604_110854_0.jpg,Basophil
../datasets/raw/Train/Basophil/20190531_112125_0.jpg,Basophil
../datasets/raw/Train/Basophil/20190526_164136_0.jpg,Basophil
../datasets/raw/Train/Basophil/20190531_115636_0.jpg,Basophil
../datasets/raw/Train/Basophil/20190531_114921_0.jpg,Basophil
../datasets/raw/Train/Basophil/20190531_115329_0.jpg,Basophil
../datasets/raw/Train/Basophil/20190604_110749_0.jpg,Basophil
../datasets/raw/Train/Basophil/20190604_111402_0.jpg,Basophil
../datasets/raw/Train/Basophil/20190531_120958_0.jpg,Basophil
../datasets/raw/Train/Basophil/20190531_120644_1.jpg,Basophil
../datasets/raw/Train/Basophil/20190526_164657_0.jpg,Basophil
../datasets/raw/Train/Basophil/20190604_111534_0.jpg,Basophil
../datasets/raw/Train/Basophil/20190526_164453_0.jpg,Basophil
../datasets/raw/Train/Basophil/20190527_114739_0.jpg,Basophil
../datasets/raw/Train/Basophil/20190527_113105_0.jpg,Basophil
../datasets/raw/Train/Basophil/20190526_163729_0.jpg,Basophil
../datasets/raw/Train/Basophil/20190527_112631_0.jpg,Basophil
../datasets/raw/Train/Basophil/20190531_113321_0.jpg,Basophil
../datasets/raw/Train/Basophil/20190527_115509_1.jpg,Basophil
../datasets/raw/Train/Basophil/20190531_113053_0.jpg,Basophil
../datasets/raw/Train/Basophil/20190531_115144_0.jpg,Basophil
../datasets/raw/Train/Basophil/20190526_170125_0.jpg,Basophil
../datasets/raw/Train/Basophil/20190531_114421_0.jpg,Basophil
../datasets/raw/Train/Basophil/20190527_114957_0.jpg,Basophil
../datasets/raw/Train/Basophil/20190531_121239_0.jpg,Basophil
../datasets/raw/Train/Basophil/20190531_110010_0.jpg,Basophil
../datasets/raw/Train/Basophil/20190531_120356_0.jpg,Basophil
../datasets/raw/Train/Basophil/20190531_113308_0.jpg,Basophil
../datasets/raw/Train/Basophil/20190526_164621_0.jpg,Basophil
../datasets/raw/Train/Basophil/20190531_112954_0.jpg,Basophil
../datasets/raw/Train/Basophil/20190531_111807_0.jpg,Basophil
../datasets/raw/Train/Basophil/20190526_165145_0.jpg,Basophil
../datasets/raw/Train/Basophil/20190527_114335_1.jpg,Basophil
../datasets/raw/Train/Basophil/20190526_170719_0.jpg,Basophil
../datasets/raw/Train/Basophil/20190527_113717_0.jpg,Basophil
../datasets/raw/Train/Basophil/20190526_163532_0.jpg,Basophil
../datasets/raw/Train/Basophil/20190531_110137_0.jpg,Basophil
../datasets/raw/Train/Basophil/20190604_110533_0.jpg,Basophil
../datasets/raw/Train/Basophil/20190526_170631_0.jpg,Basophil
../datasets/raw/Train/Basophil/20190531_113249_0.jpg,Basophil
../datasets/raw/Train/Basophil/20190527_111533_0.jpg,Basophil
../datasets/raw/Train/Basophil/20190527_112659_0.jpg,Basophil
../datasets/raw/Train/Basophil/20190526_165338_0.jpg,Basophil
../datasets/raw/Train/Basophil/20190527_112341_1.jpg,Basophil
../datasets/raw/Train/Basophil/20190531_114554_0.jpg,Basophil
../datasets/raw/Train/Basophil/20190531_114912_0.jpg,Basophil
../datasets/raw/Train/Basophil/20190526_163735_0.jpg,Basophil
../datasets/raw/Train/Basophil/20190526_170549_0.jpg,Basophil
../datasets/raw/Train/Basophil/20190531_112259_0.jpg,Basophil
../datasets/raw/Train/Basophil/20190526_164136_1.jpg,Basophil
../datasets/raw/Train/Basophil/20190531_110612_0.jpg,Basophil
../datasets/raw/Train/Basophil/20190531_114941_0.jpg,Basophil
../datasets/raw/Train/Basophil/20190526_165257_0.jpg,Basophil
../datasets/raw/Train/Basophil/20190526_165825_0.jpg,Basophil
../datasets/raw/Train/Basophil/20190527_112341_0.jpg,Basophil
../datasets/raw/Train/Basophil/20190527_112022_0.jpg,Basophil
../datasets/raw/Train/Basophil/20190531_110235_0.jpg,Basophil
../datasets/raw/Train/Basophil/20190527_115056_0.jpg,Basophil
../datasets/raw/Train/Basophil/20190526_164729_0.jpg,Basophil
../datasets/raw/Train/Basophil/20190531_115100_0.jpg,Basophil
../datasets/raw/Train/Basophil/20190531_105858_0.jpg,Basophil
../datasets/raw/Train/Basophil/20190527_111712_0.jpg,Basophil
../datasets/raw/Train/Basophil/20190531_115711_1.jpg,Basophil
../datasets/raw/Train/Basophil/20190527_111443_0.jpg,Basophil
../datasets/raw/Train/Basophil/20190531_110437_0.jpg,Basophil
../datasets/raw/Train/Basophil/20190531_113710_0.jpg,Basophil
../datasets/raw/Train/Basophil/20190531_120229_0.jpg,Basophil
../datasets/raw/Train/Basophil/20190531_110105_0.jpg,Basophil
../datasets/raw/Train/Basophil/20190531_120711_1.jpg,Basophil
../datasets/raw/Train/Basophil/20190531_114312_0.jpg,Basophil
../datasets/raw/Train/Basophil/20190531_105543_0.jpg,Basophil
../datasets/raw/Train/Basophil/20190531_111900_0.jpg,Basophil
../datasets/raw/Train/Basophil/20190526_164157_0.jpg,Basophil
../datasets/raw/Train/Basophil/20190526_165411_0.jpg,Basophil
../datasets/raw/Train/Basophil/20190531_111058_0.jpg,Basophil
../datasets/raw/Train/Basophil/20190531_121441_0.jpg,Basophil
../datasets/raw/Train/Basophil/20190526_164841_0.jpg,Basophil
../datasets/raw/Train/Basophil/20190526_170737_0.jpg,Basophil
../datasets/raw/Train/Basophil/20190531_113417_0.jpg,Basophil
../datasets/raw/Train/Basophil/20190604_111353_0.jpg,Basophil
../datasets/raw/Train/Basophil/20190531_113832_0.jpg,Basophil
../datasets/raw/Train/Basophil/20190531_111852_0.jpg,Basophil
../datasets/raw/Train/Basophil/20190527_112437_0.jpg,Basophil
../datasets/raw/Train/Basophil/20190526_163446_1.jpg,Basophil
../datasets/raw/Train/Basophil/20190527_112240_0.jpg,Basophil
../datasets/raw/Train/Eosinophil/95-8-27-1_175_4.jpg,Eosinophil
../datasets/raw/Train/Eosinophil/95-8-27-1_279_2.jpg,Eosinophil
../datasets/raw/Train/Eosinophil/95-5-4-1_111_1.jpg,Eosinophil
../datasets/raw/Train/Eosinophil/95-8-27-1_283_9.jpg,Eosinophil
../datasets/raw/Train/Eosinophil/95-9-3-4_163_1.jpg,Eosinophil
../datasets/raw/Train/Eosinophil/95-8-27-1_227_2.jpg,Eosinophil
../datasets/raw/Train/Eosinophil/95-8-27-1_320_2.jpg,Eosinophil
../datasets/raw/Train/Eosinophil/95-8-27-1_415_2.jpg,Eosinophil
../datasets/raw/Train/Eosinophil/95-8-27-1_298_1.jpg,Eosinophil
../datasets/raw/Train/Eosinophil/95-8-27-1_118_1.jpg,Eosinophil
../datasets/raw/Train/Eosinophil/95-8-27-1_214_6.jpg,Eosinophil
../datasets/raw/Train/Eosinophil/95-8-27-1_58_2.jpg,Eosinophil
../datasets/raw/Train/Eosinophil/95-8-27-1_514_2.jpg,Eosinophil
../datasets/raw/Train/Eosinophil/95-8-27-1_100_4.jpg,Eosinophil
../datasets/raw/Train/Eosinophil/95-8-27-1_108_7.jpg,Eosinophil
../datasets/raw/Train/Eosinophil/95-5-10-1_655_1.jpg,Eosinophil
../datasets/raw/Train/Eosinophil/95-5-4-1_89_1.jpg,Eosinophil
../datasets/raw/Train/Eosinophil/95-8-27-1_79_1.jpg,Eosinophil
../datasets/raw/Train/Eosinophil/95-8-27-1_246_1.jpg,Eosinophil
../datasets/raw/Train/Eosinophil/95-8-27-1_131_5.jpg,Eosinophil
../datasets/raw/Train/Eosinophil/95-8-10-1_322_2.jpg,Eosinophil
../datasets/raw/Train/Eosinophil/95-8-27-1_203_1.jpg,Eosinophil
../datasets/raw/Train/Eosinophil/95-5-4-1_181_1.jpg,Eosinophil
../datasets/raw/Train/Eosinophil/95-8-27-1_182_1.jpg,Eosinophil
../datasets/raw/Train/Eosinophil/95-5-4-1_124_1.jpg,Eosinophil
../datasets/raw/Train/Eosinophil/95-9-3-4_75_1.jpg,Eosinophil
../datasets/raw/Train/Eosinophil/95-9-3-4_151_2.jpg,Eosinophil
../datasets/raw/Train/Eosinophil/95-8-10-1_1161_1.jpg,Eosinophil
../datasets/raw/Train/Eosinophil/95-5-4-1_106_1.jpg,Eosinophil
../datasets/raw/Train/Eosinophil/95-8-27-1_81_3.jpg,Eosinophil
../datasets/raw/Train/Eosinophil/95-8-17-3_271_2.jpg,Eosinophil
../datasets/raw/Train/Eosinophil/95-8-13-3_99_1.jpg,Eosinophil
../datasets/raw/Train/Eosinophil/95-8-27-1_472_7.jpg,Eosinophil
../datasets/raw/Train/Eosinophil/95-8-27-1_161_6.jpg,Eosinophil
../datasets/raw/Train/Eosinophil/95-9-3-1_82_2.jpg,Eosinophil
../datasets/raw/Train/Eosinophil/95-7-24-2_238_1.jpg,Eosinophil
../datasets/raw/Train/Eosinophil/95-5-4-1_73_1.jpg,Eosinophil
../datasets/raw/Train/Eosinophil/95-8-27-1_52_3.jpg,Eosinophil
../datasets/raw/Train/Eosinophil/95-8-27-1_282_4.jpg,Eosinophil
../datasets/raw/Train/Eosinophil/95-8-27-1_40_2.jpg,Eosinophil
../datasets/raw/Train/Eosinophil/95-8-27-1_306_4.jpg,Eosinophil
../datasets/raw/Train/Eosinophil/95-8-22-5_112_1.jpg,Eosinophil
../datasets/raw/Train/Eosinophil/95-8-8-1_175_1.jpg,Eosinophil
../datasets/raw/Train/Eosinophil/95-8-12-4_205_1.jpg,Eosinophil
../datasets/raw/Train/Eosinophil/95-8-27-1_100_3.jpg,Eosinophil
../datasets/raw/Train/Eosinophil/95-8-27-1_215_2.jpg,Eosinophil
../datasets/raw/Train/Eosinophil/95-8-8-1_204_2.jpg,Eosinophil
../datasets/raw/Train/Eosinophil/95-8-27-1_209_6.jpg,Eosinophil
../datasets/raw/Train/Eosinophil/95-8-22-6_34_1.jpg,Eosinophil
../datasets/raw/Train/Eosinophil/95-8-27-1_139_1.jpg,Eosinophil
../datasets/raw/Train/Eosinophil/95-8-27-1_43_2.jpg,Eosinophil
../datasets/raw/Train/Eosinophil/95-8-27-1_214_2.jpg,Eosinophil
../datasets/raw/Train/Eosinophil/95-8-8-1_471_1.jpg,Eosinophil
../datasets/raw/Train/Eosinophil/95-8-27-1_25_1.jpg,Eosinophil
../datasets/raw/Train/Eosinophil/95-8-22-4_63_1.jpg,Eosinophil
../datasets/raw/Train/Eosinophil/95-8-8-3_60_2.jpg,Eosinophil
../datasets/raw/Train/Eosinophil/95-8-27-1_61_1.jpg,Eosinophil
../datasets/raw/Train/Eosinophil/95-8-27-1_449_3.jpg,Eosinophil
../datasets/raw/Train/Eosinophil/95-8-27-1_12_1.jpg,Eosinophil
../datasets/raw/Train/Eosinophil/95-8-27-1_37_5.jpg,Eosinophil
../datasets/raw/Train/Eosinophil/95-8-27-1_481_3.jpg,Eosinophil
../datasets/raw/Train/Eosinophil/95-8-27-1_10_5.jpg,Eosinophil
../datasets/raw/Train/Eosinophil/95-9-3-4_34_2.jpg,Eosinophil
../datasets/raw/Train/Eosinophil/95-8-27-1_413_3.jpg,Eosinophil
../datasets/raw/Train/Eosinophil/95-8-24-1_122_1.jpg,Eosinophil
../datasets/raw/Train/Eosinophil/95-8-27-1_210_4.jpg,Eosinophil
../datasets/raw/Train/Eosinophil/95-8-27-1_268_3.jpg,Eosinophil
../datasets/raw/Train/Eosinophil/95-8-27-1_40_3.jpg,Eosinophil
../datasets/raw/Train/Eosinophil/95-8-27-1_107_6.jpg,Eosinophil
../datasets/raw/Train/Eosinophil/95-8-27-1_107_2.jpg,Eosinophil
../datasets/raw/Train/Eosinophil/95-8-22-5_85_1.jpg,Eosinophil
../datasets/raw/Train/Eosinophil/95-8-27-1_438_4.jpg,Eosinophil
../datasets/raw/Train/Eosinophil/95-8-27-1_290_1.jpg,Eosinophil
../datasets/raw/Train/Eosinophil/95-8-22-6_85_1.jpg,Eosinophil
../datasets/raw/Train/Eosinophil/95-8-10-1_388_1.jpg,Eosinophil
../datasets/raw/Train/Eosinophil/95-8-12-2_18_2.jpg,Eosinophil
../datasets/raw/Train/Eosinophil/95-8-27-1_250_2.jpg,Eosinophil
../datasets/raw/Train/Eosinophil/95-8-27-1_207_3.jpg,Eosinophil
../datasets/raw/Train/Eosinophil/95-8-10-1_138_1.jpg,Eosinophil
../datasets/raw/Train/Eosinophil/95-8-17-3_192_2.jpg,Eosinophil
../datasets/raw/Train/Eosinophil/95-8-27-1_338_2.jpg,Eosinophil
../datasets/raw/Train/Eosinophil/95-8-27-1_51_3.jpg,Eosinophil
../datasets/raw/Train/Eosinophil/95-8-27-1_46_1.jpg,Eosinophil
../datasets/raw/Train/Eosinophil/95-9-1-2_249_1.jpg,Eosinophil
../datasets/raw/Train/Eosinophil/95-8-27-1_282_1.jpg,Eosinophil
../datasets/raw/Train/Eosinophil/95-8-27-1_110_3.jpg,Eosinophil
../datasets/raw/Train/Eosinophil/95-8-20-3_94_1.jpg,Eosinophil
../datasets/raw/Train/Eosinophil/95-5-5-1_110_1.jpg,Eosinophil
../datasets/raw/Train/Eosinophil/95-8-27-1_329_3.jpg,Eosinophil
../datasets/raw/Train/Eosinophil/95-8-27-1_109_3.jpg,Eosinophil
../datasets/raw/Train/Eosinophil/95-8-8-2_269_1.jpg,Eosinophil
../datasets/raw/Train/Eosinophil/95-9-3-4_162_2.jpg,Eosinophil
../datasets/raw/Train/Eosinophil/95-8-17-3_73_1.jpg,Eosinophil
../datasets/raw/Train/Eosinophil/95-8-6-1_693_2.jpg,Eosinophil
../datasets/raw/Train/Eosinophil/95-8-27-1_294_4.jpg,Eosinophil
../datasets/raw/Train/Eosinophil/95-8-27-1_115_3.jpg,Eosinophil
../datasets/raw/Train/Eosinophil/95-8-27-1_104_4.jpg,Eosinophil
../datasets/raw/Train/Eosinophil/95-8-27-1_87_3.jpg,Eosinophil
../datasets/raw/Train/Eosinophil/95-8-12-2_47_2.jpg,Eosinophil
../datasets/raw/Train/Eosinophil/95-8-27-1_137_1.jpg,Eosinophil
../datasets/raw/Train/Lymphocyte/95-8-13-4_126_1.jpg,Lymphocyte
../datasets/raw/Train/Lymphocyte/95-8-8-2_350_2.jpg,Lymphocyte
../datasets/raw/Train/Lymphocyte/95-8-13-1_7_1.jpg,Lymphocyte
../datasets/raw/Train/Lymphocyte/95-5-4-1_129_1.jpg,Lymphocyte
../datasets/raw/Train/Lymphocyte/95-5-10-1_979_1.jpg,Lymphocyte
../datasets/raw/Train/Lymphocyte/95-7-24-2_237_1.jpg,Lymphocyte
../datasets/raw/Train/Lymphocyte/95-8-10-1_554_1.jpg,Lymphocyte
../datasets/raw/Train/Lymphocyte/95-9-4-6_19_1.jpg,Lymphocyte
../datasets/raw/Train/Lymphocyte/95-8-8-2_35_2.jpg,Lymphocyte
../datasets/raw/Train/Lymphocyte/95-8-12-6_28_1.jpg,Lymphocyte
../datasets/raw/Train/Lymphocyte/95-8-12-2_26_1.jpg,Lymphocyte
../datasets/raw/Train/Lymphocyte/95-8-3-1_564_2.jpg,Lymphocyte
../datasets/raw/Train/Lymphocyte/95-8-13-4_491_1.jpg,Lymphocyte
../datasets/raw/Train/Lymphocyte/95-8-8-2_113_1.jpg,Lymphocyte
../datasets/raw/Train/Lymphocyte/95-8-13-6_36_1.jpg,Lymphocyte
../datasets/raw/Train/Lymphocyte/95-8-20-3_133_1.jpg,Lymphocyte
../datasets/raw/Train/Lymphocyte/95-8-24-2_113_1.jpg,Lymphocyte
../datasets/raw/Train/Lymphocyte/95-8-13-4_466_1.jpg,Lymphocyte
../datasets/raw/Train/Lymphocyte/95-8-13-4_300_1.jpg,Lymphocyte
../datasets/raw/Train/Lymphocyte/95-8-13-4_312_3.jpg,Lymphocyte
../datasets/raw/Train/Lymphocyte/95-7-24-2_359_2.jpg,Lymphocyte
../datasets/raw/Train/Lymphocyte/95-8-12-3_81_2.jpg,Lymphocyte
../datasets/raw/Train/Lymphocyte/95-8-5-1_106_2.jpg,Lymphocyte
../datasets/raw/Train/Lymphocyte/95-8-1-1_266_1.jpg,Lymphocyte
../datasets/raw/Train/Lymphocyte/95-5-11-1_127_1.jpg,Lymphocyte
../datasets/raw/Train/Lymphocyte/95-8-8-1_134_1.jpg,Lymphocyte
../datasets/raw/Train/Lymphocyte/95-8-10-1_317_1.jpg,Lymphocyte
../datasets/raw/Train/Lymphocyte/95-5-10-1_1149_2.jpg,Lymphocyte
../datasets/raw/Train/Lymphocyte/95-8-8-2_254_1.jpg,Lymphocyte
../datasets/raw/Train/Lymphocyte/95-8-12-2_167_1.jpg,Lymphocyte
../datasets/raw/Train/Lymphocyte/95-8-3-2_455_2.jpg,Lymphocyte
../datasets/raw/Train/Lymphocyte/95-7-24-2_432_1.jpg,Lymphocyte
../datasets/raw/Train/Lymphocyte/95-5-4-1_97_1.jpg,Lymphocyte
../datasets/raw/Train/Lymphocyte/95-7-24-2_470_4.jpg,Lymphocyte
../datasets/raw/Train/Lymphocyte/95-8-10-1_1053_4.jpg,Lymphocyte
../datasets/raw/Train/Lymphocyte/95-9-4-3_104_1.jpg,Lymphocyte
../datasets/raw/Train/Lymphocyte/95-8-13-4_460_1.jpg,Lymphocyte
../datasets/raw/Train/Lymphocyte/95-5-10-1_819_1.jpg,Lymphocyte
../datasets/raw/Train/Lymphocyte/95-8-13-4_435_2.jpg,Lymphocyte
../datasets/raw/Train/Lymphocyte/95-8-8-1_365_1.jpg,Lymphocyte
../datasets/raw/Train/Lymphocyte/95-8-13-4_294_2.jpg,Lymphocyte
../datasets/raw/Train/Lymphocyte/95-8-13-4_102_2.jpg,Lymphocyte
../datasets/raw/Train/Lymphocyte/95-5-4-1_136_1.jpg,Lymphocyte
../datasets/raw/Train/Lymphocyte/95-5-10-1_1096_1.jpg,Lymphocyte
../datasets/raw/Train/Lymphocyte/95-8-20-4_51_1.jpg,Lymphocyte
../datasets/raw/Train/Lymphocyte/95-5-10-1_531_1.jpg,Lymphocyte
../datasets/raw/Train/Lymphocyte/95-8-10-1_24_2.jpg,Lymphocyte
../datasets/raw/Train/Lymphocyte/95-8-24-1_87_2.jpg,Lymphocyte
../datasets/raw/Train/Lymphocyte/95-9-4-6_10_1.jpg,Lymphocyte
../datasets/raw/Train/Lymphocyte/95-7-24-2_411_1.jpg,Lymphocyte
../datasets/raw/Train/Lymphocyte/95-5-10-1_893_1.jpg,Lymphocyte
../datasets/raw/Train/Lymphocyte/95-8-24-1_45_1.jpg,Lymphocyte
../datasets/raw/Train/Lymphocyte/95-8-12-4_96_1.jpg,Lymphocyte
../datasets/raw/Train/Lymphocyte/95-7-24-2_507_1.jpg,Lymphocyte
../datasets/raw/Train/Lymphocyte/95-8-24-1_166_2.jpg,Lymphocyte
../datasets/raw/Train/Lymphocyte/95-8-10-1_104_2.jpg,Lymphocyte
../datasets/raw/Train/Lymphocyte/95-8-10-1_324_1.jpg,Lymphocyte
../datasets/raw/Train/Lymphocyte/95-8-10-1_455_1.jpg,Lymphocyte
../datasets/raw/Train/Lymphocyte/95-8-20-3_111_1.jpg,Lymphocyte
../datasets/raw/Train/Lymphocyte/95-8-13-5_15_1.jpg,Lymphocyte
../datasets/raw/Train/Lymphocyte/95-8-10-1_865_1.jpg,Lymphocyte
../datasets/raw/Train/Lymphocyte/95-8-8-2_296_1.jpg,Lymphocyte
../datasets/raw/Train/Lymphocyte/95-8-24-2_58_1.jpg,Lymphocyte
../datasets/raw/Train/Lymphocyte/95-8-3-1_614_2.jpg,Lymphocyte
../datasets/raw/Train/Lymphocyte/95-5-13-1_151_1.jpg,Lymphocyte
../datasets/raw/Train/Lymphocyte/95-8-10-1_887_2.jpg,Lymphocyte
../datasets/raw/Train/Lymphocyte/95-8-12-5_16_1.jpg,Lymphocyte
../datasets/raw/Train/Lymphocyte/95-8-3-2_377_1.jpg,Lymphocyte
../datasets/raw/Train/Lymphocyte/95-8-24-1_50_1.jpg,Lymphocyte
../datasets/raw/Train/Lymphocyte/95-8-3-2_236_1.jpg,Lymphocyte
../datasets/raw/Train/Lymphocyte/95-8-20-3_123_3.jpg,Lymphocyte
../datasets/raw/Train/Lymphocyte/95-8-8-2_129_2.jpg,Lymphocyte
../datasets/raw/Train/Lymphocyte/95-5-10-1_1092_2.jpg,Lymphocyte
../datasets/raw/Train/Lymphocyte/95-8-13-3_177_3.jpg,Lymphocyte
../datasets/raw/Train/Lymphocyte/95-8-13-4_105_1.jpg,Lymphocyte
../datasets/raw/Train/Lymphocyte/95-8-10-1_176_1.jpg,Lymphocyte
../datasets/raw/Train/Lymphocyte/95-8-8-1_127_1.jpg,Lymphocyte
../datasets/raw/Train/Lymphocyte/95-5-4-1_164_3.jpg,Lymphocyte
../datasets/raw/Train/Lymphocyte/95-8-13-4_300_3.jpg,Lymphocyte
../datasets/raw/Train/Lymphocyte/95-8-8-1_289_2.jpg,Lymphocyte
../datasets/raw/Train/Lymphocyte/95-8-8-1_419_1.jpg,Lymphocyte
../datasets/raw/Train/Lymphocyte/95-8-10-1_1293_1.jpg,Lymphocyte
../datasets/raw/Train/Lymphocyte/95-8-10-1_1067_2.jpg,Lymphocyte
../datasets/raw/Train/Lymphocyte/95-8-8-2_72_1.jpg,Lymphocyte
../datasets/raw/Train/Lymphocyte/95-8-20-2_124_1.jpg,Lymphocyte
../datasets/raw/Train/Lymphocyte/95-8-1-1_531_1.jpg,Lymphocyte
../datasets/raw/Train/Lymphocyte/95-8-20-3_291_1.jpg,Lymphocyte
../datasets/raw/Train/Lymphocyte/95-7-24-2_173_1.jpg,Lymphocyte
../datasets/raw/Train/Lymphocyte/95-8-13-1_65_1.jpg,Lymphocyte
../datasets/raw/Train/Lymphocyte/95-5-11-1_241_2.jpg,Lymphocyte
../datasets/raw/Train/Lymphocyte/95-8-12-5_113_1.jpg,Lymphocyte
../datasets/raw/Train/Lymphocyte/95-9-4-3_18_1.jpg,Lymphocyte
../datasets/raw/Train/Lymphocyte/95-5-10-1_399_1.jpg,Lymphocyte
../datasets/raw/Train/Lymphocyte/95-7-24-2_16_1.jpg,Lymphocyte
../datasets/raw/Train/Lymphocyte/95-8-12-6_32_1.jpg,Lymphocyte
../datasets/raw/Train/Lymphocyte/95-8-13-4_406_1.jpg,Lymphocyte
../datasets/raw/Train/Lymphocyte/95-9-4-7_27_1.jpg,Lymphocyte
../datasets/raw/Train/Lymphocyte/95-8-8-1_468_1.jpg,Lymphocyte
../datasets/raw/Train/Lymphocyte/95-8-10-1_670_1.jpg,Lymphocyte
../datasets/raw/Train/Lymphocyte/95-8-24-2_157_1.jpg,Lymphocyte
../datasets/raw/Train/Monocyte/95-8-20-2_210_1.jpg,Monocyte
../datasets/raw/Train/Monocyte/95-8-10-1_54_2.jpg,Monocyte
../datasets/raw/Train/Monocyte/95-8-12-5_153_1.jpg,Monocyte
../datasets/raw/Train/Monocyte/95-9-4-7_60_2.jpg,Monocyte
../datasets/raw/Train/Monocyte/95-5-11-1_10_1.jpg,Monocyte
../datasets/raw/Train/Monocyte/95-8-12-4_43_2.jpg,Monocyte
../datasets/raw/Train/Monocyte/95-8-1-1_64_1.jpg,Monocyte
../datasets/raw/Train/Monocyte/95-8-5-1_119_1.jpg,Monocyte
../datasets/raw/Train/Monocyte/95-8-8-2_77_2.jpg,Monocyte
../datasets/raw/Train/Monocyte/95-9-4-6_142_3.jpg,Monocyte
../datasets/raw/Train/Monocyte/95-8-13-6_18_2.jpg,Monocyte
../datasets/raw/Train/Monocyte/95-8-12-5_159_1.jpg,Monocyte
../datasets/raw/Train/Monocyte/95-8-8-2_363_1.jpg,Monocyte
../datasets/raw/Train/Monocyte/95-8-10-1_352_1.jpg,Monocyte
../datasets/raw/Train/Monocyte/95-8-10-1_44_1.jpg,Monocyte
../datasets/raw/Train/Monocyte/95-8-13-4_15_5.jpg,Monocyte
../datasets/raw/Train/Monocyte/95-8-5-1_1_1.jpg,Monocyte
../datasets/raw/Train/Monocyte/95-8-3-2_13_6.jpg,Monocyte
../datasets/raw/Train/Monocyte/95-8-13-4_486_1.jpg,Monocyte
../datasets/raw/Train/Monocyte/95-8-10-1_840_1.jpg,Monocyte
../datasets/raw/Train/Monocyte/95-8-10-1_237_1.jpg,Monocyte
../datasets/raw/Train/Monocyte/95-8-8-3_47_1.jpg,Monocyte
../datasets/raw/Train/Monocyte/95-8-12-5_10_2.jpg,Monocyte
../datasets/raw/Train/Monocyte/95-5-4-1_353_1.jpg,Monocyte
../datasets/raw/Train/Monocyte/95-8-12-6_24_2.jpg,Monocyte
../datasets/raw/Train/Monocyte/95-8-10-1_211_1.jpg,Monocyte
../datasets/raw/Train/Monocyte/95-5-4-1_78_1.jpg,Monocyte
../datasets/raw/Train/Monocyte/95-8-20-1_91_2.jpg,Monocyte
../datasets/raw/Train/Monocyte/95-8-1-1_651_1.jpg,Monocyte
../datasets/raw/Train/Monocyte/95-8-10-1_527_1.jpg,Monocyte
../datasets/raw/Train/Monocyte/95-8-3-2_315_1.jpg,Monocyte
../datasets/raw/Train/Monocyte/95-8-20-2_145_1.jpg,Monocyte
../datasets/raw/Train/Monocyte/95-8-22-1_114_1.jpg,Monocyte
../datasets/raw/Train/Monocyte/95-8-13-4_169_1.jpg,Monocyte
../datasets/raw/Train/Monocyte/95-8-5-1_90_1.jpg,Monocyte
../datasets/raw/Train/Monocyte/95-8-3-1_257_6.jpg,Monocyte
../datasets/raw/Train/Monocyte/95-8-12-6_55_1.jpg,Monocyte
../datasets/raw/Train/Monocyte/95-8-10-1_783_1.jpg,Monocyte
../datasets/raw/Train/Monocyte/95-8-12-5_183_1.jpg,Monocyte
../datasets/raw/Train/Monocyte/95-8-12-4_244_1.jpg,Monocyte
../datasets/raw/Train/Monocyte/95-8-8-3_115_1.jpg,Monocyte
../datasets/raw/Train/Monocyte/95-8-3-1_645_1.jpg,Monocyte
../datasets/raw/Train/Monocyte/95-8-1-1_757_1.jpg,Monocyte
../datasets/raw/Train/Monocyte/95-8-8-3_70_1.jpg,Monocyte
../datasets/raw/Train/Monocyte/95-8-3-2_302_1.jpg,Monocyte
../datasets/raw/Train/Monocyte/95-8-8-1_295_1.jpg,Monocyte
../datasets/raw/Train/Monocyte/95-8-12-2_105_1.jpg,Monocyte
../datasets/raw/Train/Monocyte/95-8-20-2_119_1.jpg,Monocyte
../datasets/raw/Train/Monocyte/95-5-5-1_124_1.jpg,Monocyte
../datasets/raw/Train/Monocyte/95-7-24-2_515_2.jpg,Monocyte
../datasets/raw/Train/Monocyte/95-8-8-3_75_1.jpg,Monocyte
../datasets/raw/Train/Monocyte/95-8-12-2_75_1.jpg,Monocyte
../datasets/raw/Train/Monocyte/95-8-12-3_128_1.jpg,Monocyte
../datasets/raw/Train/Monocyte/95-8-12-5_6_1.jpg,Monocyte
../datasets/raw/Train/Monocyte/95-8-10-1_179_2.jpg,Monocyte
../datasets/raw/Train/Monocyte/95-8-3-1_602_1.jpg,Monocyte
../datasets/raw/Train/Monocyte/95-8-10-1_296_2.jpg,Monocyte
../datasets/raw/Train/Monocyte/95-8-12-6_47_1.jpg,Monocyte
../datasets/raw/Train/Monocyte/95-8-8-1_140_1.jpg,Monocyte
../datasets/raw/Train/Monocyte/95-8-10-1_826_1.jpg,Monocyte
../datasets/raw/Train/Monocyte/95-8-10-1_683_1.jpg,Monocyte
../datasets/raw/Train/Monocyte/95-5-10-1_86_1.jpg,Monocyte
../datasets/raw/Train/Monocyte/95-5-4-1_116_1.jpg,Monocyte
../datasets/raw/Train/Monocyte/95-5-4-1_6_1.jpg,Monocyte
../datasets/raw/Train/Monocyte/95-8-10-1_894_2.jpg,Monocyte
../datasets/raw/Train/Monocyte/95-8-13-4_452_2.jpg,Monocyte
../datasets/raw/Train/Monocyte/95-8-8-2_231_1.jpg,Monocyte
../datasets/raw/Train/Monocyte/95-5-4-1_207_3.jpg,Monocyte
../datasets/raw/Train/Monocyte/95-8-10-1_201_1.jpg,Monocyte
../datasets/raw/Train/Monocyte/95-8-13-1_90_1.jpg,Monocyte
../datasets/raw/Train/Monocyte/95-8-20-3_115_1.jpg,Monocyte
../datasets/raw/Train/Monocyte/95-8-10-1_822_1.jpg,Monocyte
../datasets/raw/Train/Monocyte/95-8-20-2_26_1.jpg,Monocyte
../datasets/raw/Train/Monocyte/95-8-1-1_43_1.jpg,Monocyte
../datasets/raw/Train/Monocyte/95-8-8-3_168_1.jpg,Monocyte
../datasets/raw/Train/Monocyte/95-8-13-5_61_1.jpg,Monocyte
../datasets/raw/Train/Monocyte/95-8-8-2_432_1.jpg,Monocyte
../datasets/raw/Train/Monocyte/95-8-12-5_60_1.jpg,Monocyte
../datasets/raw/Train/Monocyte/95-8-8-1_402_2.jpg,Monocyte
../datasets/raw/Train/Monocyte/95-8-3-2_348_2.jpg,Monocyte
../datasets/raw/Train/Monocyte/95-8-10-1_1205_1.jpg,Monocyte
../datasets/raw/Train/Monocyte/95-8-8-3_39_1.jpg,Monocyte
../datasets/raw/Train/Monocyte/95-8-13-4_20_3.jpg,Monocyte
../datasets/raw/Train/Monocyte/95-5-11-1_197_1.jpg,Monocyte
../datasets/raw/Train/Monocyte/95-5-11-1_237_1.jpg,Monocyte
../datasets/raw/Train/Monocyte/95-5-4-1_135_1.jpg,Monocyte
../datasets/raw/Train/Monocyte/95-7-24-2_470_3.jpg,Monocyte
../datasets/raw/Train/Monocyte/95-8-10-1_27_1.jpg,Monocyte
../datasets/raw/Train/Monocyte/95-8-20-2_60_3.jpg,Monocyte
../datasets/raw/Train/Monocyte/95-8-3-2_341_2.jpg,Monocyte
../datasets/raw/Train/Monocyte/95-8-13-3_84_1.jpg,Monocyte
../datasets/raw/Train/Monocyte/95-8-13-4_377_1.jpg,Monocyte
../datasets/raw/Train/Monocyte/95-8-13-4_7_3.jpg,Monocyte
../datasets/raw/Train/Monocyte/95-8-13-5_11_2.jpg,Monocyte
../datasets/raw/Train/Monocyte/95-7-24-2_274_1.jpg,Monocyte
../datasets/raw/Train/Monocyte/95-8-8-2_410_2.jpg,Monocyte
../datasets/raw/Train/Monocyte/95-7-24-2_514_2.jpg,Monocyte
../datasets/raw/Train/Monocyte/95-8-20-4_19_1.jpg,Monocyte
../datasets/raw/Train/Monocyte/95-7-24-2_125_1.jpg,Monocyte
../datasets/raw/Train/Monocyte/95-8-8-2_125_1.jpg,Monocyte
../datasets/raw/Train/Neutrophil/95-5-11-1_59_1.jpg,Neutrophil
../datasets/raw/Train/Neutrophil/95-5-10-1_760_1.jpg,Neutrophil
../datasets/raw/Train/Neutrophil/95-8-8-2_28_4.jpg,Neutrophil
../datasets/raw/Train/Neutrophil/95-8-3-2_206_1.jpg,Neutrophil
../datasets/raw/Train/Neutrophil/95-8-20-4_126_2.jpg,Neutrophil
../datasets/raw/Train/Neutrophil/95-8-1-1_45_2.jpg,Neutrophil
../datasets/raw/Train/Neutrophil/95-9-4-3_72_1.jpg,Neutrophil
../datasets/raw/Train/Neutrophil/95-8-12-2_8_1.jpg,Neutrophil
../datasets/raw/Train/Neutrophil/95-5-4-1_396_2.jpg,Neutrophil
../datasets/raw/Train/Neutrophil/95-8-24-1_78_1.jpg,Neutrophil
../datasets/raw/Train/Neutrophil/95-5-10-1_633_1.jpg,Neutrophil
../datasets/raw/Train/Neutrophil/95-8-3-1_409_2.jpg,Neutrophil
../datasets/raw/Train/Neutrophil/95-8-22-3_82_1.jpg,Neutrophil
../datasets/raw/Train/Neutrophil/95-8-1-1_35_2.jpg,Neutrophil
../datasets/raw/Train/Neutrophil/95-8-13-4_315_1.jpg,Neutrophil
../datasets/raw/Train/Neutrophil/95-8-8-1_260_3.jpg,Neutrophil
../datasets/raw/Train/Neutrophil/95-5-10-1_127_1.jpg,Neutrophil
../datasets/raw/Train/Neutrophil/95-8-3-1_573_1.jpg,Neutrophil
../datasets/raw/Train/Neutrophil/95-8-12-2_22_4.jpg,Neutrophil
../datasets/raw/Train/Neutrophil/95-8-3-1_21_1.jpg,Neutrophil
../datasets/raw/Train/Neutrophil/95-8-8-1_29_1.jpg,Neutrophil
../datasets/raw/Train/Neutrophil/95-8-8-1_343_1.jpg,Neutrophil
../datasets/raw/Train/Neutrophil/95-9-4-7_49_1.jpg,Neutrophil
../datasets/raw/Train/Neutrophil/95-8-3-1_68_1.jpg,Neutrophil
../datasets/raw/Train/Neutrophil/95-8-13-4_258_1.jpg,Neutrophil
../datasets/raw/Train/Neutrophil/95-8-10-1_588_1.jpg,Neutrophil
../datasets/raw/Train/Neutrophil/95-5-10-1_366_1.jpg,Neutrophil
../datasets/raw/Train/Neutrophil/95-8-3-1_150_1.jpg,Neutrophil
../datasets/raw/Train/Neutrophil/95-5-10-1_12_3.jpg,Neutrophil
../datasets/raw/Train/Neutrophil/95-9-4-6_151_1.jpg,Neutrophil
../datasets/raw/Train/Neutrophil/95-8-1-1_378_1.jpg,Neutrophil
../datasets/raw/Train/Neutrophil/95-8-24-1_81_1.jpg,Neutrophil
../datasets/raw/Train/Neutrophil/95-8-20-3_292_1.jpg,Neutrophil
../datasets/raw/Train/Neutrophil/95-8-3-2_388_2.jpg,Neutrophil
../datasets/raw/Train/Neutrophil/95-8-13-4_128_2.jpg,Neutrophil
../datasets/raw/Train/Neutrophil/95-8-13-4_110_2.jpg,Neutrophil
../datasets/raw/Train/Neutrophil/95-8-8-2_242_2.jpg,Neutrophil
../datasets/raw/Train/Neutrophil/95-8-10-1_763_2.jpg,Neutrophil
../datasets/raw/Train/Neutrophil/95-8-5-1_75_1.jpg,Neutrophil
../datasets/raw/Train/Neutrophil/95-8-10-1_110_1.jpg,Neutrophil
../datasets/raw/Train/Neutrophil/95-8-22-3_195_1.jpg,Neutrophil
../datasets/raw/Train/Neutrophil/95-8-10-1_247_1.jpg,Neutrophil
../datasets/raw/Train/Neutrophil/95-8-8-1_58_3.jpg,Neutrophil
../datasets/raw/Train/Neutrophil/95-7-24-2_501_3.jpg,Neutrophil
../datasets/raw/Train/Neutrophil/95-8-8-1_58_1.jpg,Neutrophil
../datasets/raw/Train/Neutrophil/95-8-24-2_77_1.jpg,Neutrophil
../datasets/raw/Train/Neutrophil/95-5-10-1_1177_1.jpg,Neutrophil
../datasets/raw/Train/Neutrophil/95-8-1-1_440_2.jpg,Neutrophil
../datasets/raw/Train/Neutrophil/95-8-8-1_570_1.jpg,Neutrophil
../datasets/raw/Train/Neutrophil/95-8-3-1_229_1.jpg,Neutrophil
../datasets/raw/Train/Neutrophil/95-8-10-1_781_3.jpg,Neutrophil
../datasets/raw/Train/Neutrophil/95-8-1-1_127_5.jpg,Neutrophil
../datasets/raw/Train/Neutrophil/95-8-8-2_416_1.jpg,Neutrophil
../datasets/raw/Train/Neutrophil/95-9-4-4_3_1.jpg,Neutrophil
../datasets/raw/Train/Neutrophil/95-8-20-2_14_2.jpg,Neutrophil
../datasets/raw/Train/Neutrophil/95-8-3-1_66_1.jpg,Neutrophil
../datasets/raw/Train/Neutrophil/95-9-4-7_31_1.jpg,Neutrophil
../datasets/raw/Train/Neutrophil/95-8-13-4_338_1.jpg,Neutrophil
../datasets/raw/Train/Neutrophil/95-8-3-2_102_1.jpg,Neutrophil
../datasets/raw/Train/Neutrophil/95-8-24-1_183_3.jpg,Neutrophil
../datasets/raw/Train/Neutrophil/95-5-10-1_165_1.jpg,Neutrophil
../datasets/raw/Train/Neutrophil/95-9-4-3_65_1.jpg,Neutrophil
../datasets/raw/Train/Neutrophil/95-8-10-1_949_1.jpg,Neutrophil
../datasets/raw/Train/Neutrophil/95-8-13-3_29_1.jpg,Neutrophil
../datasets/raw/Train/Neutrophil/95-8-5-1_120_1.jpg,Neutrophil
../datasets/raw/Train/Neutrophil/95-8-10-1_1021_1.jpg,Neutrophil
../datasets/raw/Train/Neutrophil/95-8-1-1_471_1.jpg,Neutrophil
../datasets/raw/Train/Neutrophil/95-8-10-1_131_4.jpg,Neutrophil
../datasets/raw/Train/Neutrophil/95-8-1-1_422_1.jpg,Neutrophil
../datasets/raw/Train/Neutrophil/95-5-11-1_74_1.jpg,Neutrophil
../datasets/raw/Train/Neutrophil/95-5-10-1_304_1.jpg,Neutrophil
../datasets/raw/Train/Neutrophil/95-9-4-3_52_1.jpg,Neutrophil
../datasets/raw/Train/Neutrophil/95-8-13-5_78_1.jpg,Neutrophil
../datasets/raw/Train/Neutrophil/95-5-10-1_451_1.jpg,Neutrophil
../datasets/raw/Train/Neutrophil/95-8-10-1_71_1.jpg,Neutrophil
../datasets/raw/Train/Neutrophil/95-8-22-6_92_2.jpg,Neutrophil
../datasets/raw/Train/Neutrophil/95-8-10-1_1089_1.jpg,Neutrophil
../datasets/raw/Train/Neutrophil/95-8-8-1_58_2.jpg,Neutrophil
../datasets/raw/Train/Neutrophil/95-8-10-1_875_3.jpg,Neutrophil
../datasets/raw/Train/Neutrophil/95-8-3-2_367_1.jpg,Neutrophil
../datasets/raw/Train/Neutrophil/95-8-22-3_4_1.jpg,Neutrophil
../datasets/raw/Train/Neutrophil/95-8-20-2_57_1.jpg,Neutrophil
../datasets/raw/Train/Neutrophil/95-5-10-1_778_1.jpg,Neutrophil
../datasets/raw/Train/Neutrophil/95-8-20-2_161_1.jpg,Neutrophil
../datasets/raw/Train/Neutrophil/95-8-20-4_93_1.jpg,Neutrophil
../datasets/raw/Train/Neutrophil/95-8-24-1_254_1.jpg,Neutrophil
../datasets/raw/Train/Neutrophil/95-8-8-1_406_2.jpg,Neutrophil
../datasets/raw/Train/Neutrophil/95-7-24-2_338_1.jpg,Neutrophil
../datasets/raw/Train/Neutrophil/95-8-20-2_36_1.jpg,Neutrophil
../datasets/raw/Train/Neutrophil/95-8-10-1_259_1.jpg,Neutrophil
../datasets/raw/Train/Neutrophil/95-8-24-2_112_1.jpg,Neutrophil
../datasets/raw/Train/Neutrophil/95-9-4-5_45_1.jpg,Neutrophil
../datasets/raw/Train/Neutrophil/95-8-13-4_183_1.jpg,Neutrophil
../datasets/raw/Train/Neutrophil/95-8-13-4_120_3.jpg,Neutrophil
../datasets/raw/Train/Neutrophil/95-8-12-2_83_1.jpg,Neutrophil
../datasets/raw/Train/Neutrophil/95-8-12-2_19_1.jpg,Neutrophil
../datasets/raw/Train/Neutrophil/95-8-24-1_157_2.jpg,Neutrophil
../datasets/raw/Train/Neutrophil/95-8-1-1_656_1.jpg,Neutrophil
../datasets/raw/Train/Neutrophil/95-5-10-1_1049_1.jpg,Neutrophil
../datasets/raw/Train/Neutrophil/95-8-3-2_369_1.jpg,Neutrophil
